model,strategy,accuracy_mean,accuracy_std,precision_mean,precision_std,recall_mean,recall_std,f1_mean,f1_std,roc_auc_mean,roc_auc_std,pr_auc_mean,pr_auc_std,fit_time_s
GradientBoosting,class_weight,0.8016,0.0047,0.509,0.0081,0.7344,0.0352,0.601,0.016,0.8611,0.011,0.6916,0.0257,1.0619
LightGBM,class_weight,0.8208,0.0052,0.5484,0.0102,0.6822,0.0449,0.6074,0.0198,0.8555,0.0132,0.6877,0.0294,0.1373
XGBoost,class_weight,0.8311,0.0059,0.5847,0.0139,0.5914,0.0404,0.5874,0.023,0.8353,0.0149,0.6546,0.0311,0.3942
SVM,class_weight,0.783,0.0043,0.479,0.0071,0.746,0.0301,0.5833,0.0141,0.8436,0.0102,0.644,0.0257,5.0676
RandomForest,class_weight,0.838,0.0084,0.6068,0.0184,0.5798,0.0367,0.5928,0.0274,0.8449,0.0129,0.6426,0.0213,0.6328
LogisticRegression,class_weight,0.724,0.0075,0.3991,0.0114,0.7025,0.0407,0.5088,0.0187,0.7836,0.0207,0.5288,0.0339,0.0971
KNN,none,0.8341,0.009,0.6454,0.0318,0.4117,0.0309,0.5025,0.0318,0.7809,0.0165,0.5111,0.0284,0.052
GaussianNB,class_weight,0.7504,0.0077,0.4244,0.0126,0.6319,0.0318,0.5076,0.0175,0.7741,0.0203,0.4905,0.0446,0.0398
DecisionTree,class_weight,0.7906,0.0119,0.4859,0.0286,0.4828,0.0377,0.4842,0.0321,0.6761,0.0209,0.3409,0.0239,0.062
Dummy,none,0.7962,0.0,0.0,0.0,0.0,0.0,0.0,0.0,0.5,0.0,0.2037,0.0,0.0761
