feature,dtype,n_unique,min,max,mean,median,std,skewness,kurtosis
CreditScore,int64,460,350.0,850.0,650.529,652.0,96.653,-0.072,-0.426
Geography,str,3,,,,,,,
Gender,str,2,,,,,,,
Age,int64,70,18.0,92.0,38.922,37.0,10.488,1.011,1.395
Tenure,int64,11,0.0,10.0,5.013,5.0,2.892,0.011,-1.165
Balance,float64,6382,0.0,250898.09,76485.889,97198.54,62397.405,-0.141,-1.489
NumOfProducts,int64,4,1.0,4.0,1.53,1.0,0.582,0.746,0.583
HasCrCard,int64,2,0.0,1.0,0.706,1.0,0.456,-0.902,-1.187
IsActiveMember,int64,2,0.0,1.0,0.515,1.0,0.5,-0.06,-1.997
EstimatedSalary,float64,9999,11.58,199992.48,100090.24,100193.915,57510.493,0.002,-1.182
Exited,int64,2,0.0,1.0,0.204,0.0,0.403,1.472,0.166
