model,strategy,accuracy_mean,accuracy_std,precision_mean,precision_std,recall_mean,recall_std,f1_mean,f1_std,roc_auc_mean,roc_auc_std,pr_auc_mean,pr_auc_std,fit_time_s,selected
GradientBoosting,none,0.8625,0.0083,0.7719,0.0315,0.4613,0.0276,0.5773,0.0289,0.8638,0.0092,0.6983,0.0216,1.0744,False
GradientBoosting,class_weight,0.8016,0.0047,0.509,0.0081,0.7344,0.0352,0.601,0.016,0.8611,0.011,0.6916,0.0257,1.0674,True
GradientBoosting,smote,0.8586,0.0086,0.7119,0.0242,0.5135,0.0372,0.5962,0.0317,0.8622,0.0112,0.6914,0.0257,2.2554,False
GradientBoosting,smoteenn,0.8476,0.0085,0.6498,0.0234,0.5466,0.0365,0.5933,0.0282,0.8487,0.0103,0.6612,0.0283,1.3811,False
LightGBM,none,0.8621,0.0053,0.746,0.0171,0.4902,0.0211,0.5914,0.0191,0.854,0.0134,0.685,0.0287,0.1232,False
LightGBM,class_weight,0.8208,0.0052,0.5484,0.0102,0.6822,0.0449,0.6074,0.0198,0.8555,0.0132,0.6877,0.0294,0.1269,True
LightGBM,smote,0.8606,0.0077,0.724,0.0215,0.5098,0.0286,0.5982,0.0266,0.8572,0.0096,0.687,0.0252,0.2351,False
LightGBM,smoteenn,0.8476,0.0076,0.6474,0.0165,0.5521,0.037,0.5957,0.028,0.8403,0.01,0.649,0.03,0.6282,False
XGBoost,none,0.8528,0.0109,0.7003,0.0335,0.4834,0.0399,0.5717,0.0378,0.841,0.016,0.6628,0.0306,0.2318,False
XGBoost,class_weight,0.8311,0.0059,0.5847,0.0139,0.5914,0.0404,0.5874,0.023,0.8353,0.0149,0.6546,0.0311,0.3221,False
XGBoost,smote,0.8512,0.0108,0.6824,0.0359,0.5049,0.03,0.5803,0.0318,0.8436,0.0162,0.668,0.033,0.426,True
XGBoost,smoteenn,0.8321,0.0101,0.5971,0.0226,0.5356,0.051,0.5642,0.0382,0.8266,0.017,0.6259,0.0428,0.7158,False
