threshold,accuracy,precision,recall,f1,tp,fp,fn,tn,cost
0.01,0.2088,0.2047,0.9994,0.3398,1629,6329,1,41,6334.0
0.02,0.2888,0.2222,0.9963,0.3634,1624,5684,6,686,5714.0
0.03,0.3606,0.2402,0.9883,0.3865,1611,5096,19,1274,5191.0
0.04,0.4196,0.2567,0.9755,0.4065,1590,4603,40,1767,4803.0
0.05,0.4726,0.2733,0.9571,0.4251,1560,4149,70,2221,4499.0
0.06,0.5195,0.2914,0.9485,0.4458,1546,3760,84,2610,4180.0
0.07,0.5601,0.3086,0.9344,0.464,1523,3412,107,2958,3947.0
0.08,0.5929,0.3247,0.9245,0.4806,1507,3134,123,3236,3749.0
0.09,0.6241,0.341,0.9055,0.4954,1476,2853,154,3517,3623.0
0.1,0.6528,0.3588,0.8945,0.5121,1458,2606,172,3764,3466.0
0.11,0.6754,0.3744,0.8847,0.5262,1442,2409,188,3961,3349.0
0.12,0.692,0.3869,0.8748,0.5365,1426,2260,204,4110,3280.0
0.13,0.708,0.3995,0.8613,0.5459,1404,2110,226,4260,3240.0
0.14,0.7214,0.4113,0.8515,0.5546,1388,1987,242,4383,3197.0
0.15,0.7351,0.4244,0.8423,0.5644,1373,1862,257,4508,3147.0
0.16,0.7459,0.435,0.827,0.5701,1348,1751,282,4619,3161.0
0.17,0.7589,0.4497,0.8196,0.5807,1336,1635,294,4735,3105.0
0.18,0.7675,0.4599,0.8086,0.5863,1318,1548,312,4822,3108.0
0.19,0.7756,0.4702,0.7982,0.5918,1301,1466,329,4904,3111.0
0.2,0.7829,0.4799,0.7853,0.5958,1280,1387,350,4983,3137.0
0.21,0.7906,0.4913,0.7767,0.6019,1266,1311,364,5059,3131.0
0.22,0.7959,0.4994,0.7638,0.6039,1245,1248,385,5122,3173.0
0.23,0.8041,0.5132,0.7497,0.6093,1222,1159,408,5211,3199.0
0.24,0.8088,0.5216,0.7399,0.6119,1206,1106,424,5264,3226.0
0.25,0.8119,0.5281,0.7202,0.6094,1174,1049,456,5321,3329.0
0.26,0.8155,0.5357,0.7086,0.6101,1155,1001,475,5369,3376.0
0.27,0.819,0.5435,0.6982,0.6112,1138,956,492,5414,3416.0
0.28,0.8229,0.5525,0.6877,0.6127,1121,908,509,5462,3453.0
0.29,0.8264,0.5612,0.6779,0.6141,1105,864,525,5506,3489.0
0.3,0.832,0.575,0.6724,0.6199,1096,810,534,5560,3480.0
0.31,0.8348,0.5832,0.662,0.6201,1079,771,551,5599,3526.0
0.32,0.8379,0.5927,0.6534,0.6215,1065,732,565,5638,3557.0
0.33,0.8396,0.5987,0.6454,0.6212,1052,705,578,5665,3595.0
0.34,0.8435,0.611,0.638,0.6242,1040,662,590,5708,3612.0
0.35,0.8441,0.6152,0.6276,0.6213,1023,640,607,5730,3675.0
0.36,0.8461,0.6228,0.6209,0.6218,1012,613,618,5757,3703.0
0.37,0.8482,0.6315,0.6129,0.622,999,583,631,5787,3738.0
0.38,0.8495,0.6374,0.6061,0.6214,988,562,642,5808,3772.0
0.39,0.8515,0.6473,0.5957,0.6204,971,529,659,5841,3824.0
0.4,0.8525,0.6539,0.5865,0.6184,956,506,674,5864,3876.0
0.41,0.8529,0.6585,0.5773,0.6152,941,488,689,5882,3933.0
0.42,0.8544,0.6676,0.5681,0.6139,926,461,704,5909,3981.0
0.43,0.8562,0.6788,0.5589,0.6131,911,431,719,5939,4026.0
0.44,0.857,0.6858,0.5503,0.6106,897,411,733,5959,4076.0
0.45,0.8576,0.6905,0.546,0.6098,890,399,740,5971,4099.0
0.46,0.8585,0.6982,0.538,0.6078,877,379,753,5991,4144.0
0.47,0.859,0.7051,0.5294,0.6048,863,361,767,6009,4196.0
0.48,0.8605,0.7174,0.5202,0.6031,848,334,782,6036,4244.0
0.49,0.8606,0.7222,0.5135,0.6002,837,322,793,6048,4287.0
0.5,0.8609,0.7294,0.5043,0.5963,822,305,808,6065,4345.0
0.51,0.8608,0.7354,0.4945,0.5913,806,290,824,6080,4410.0
0.52,0.8611,0.7423,0.4877,0.5887,795,276,835,6094,4451.0
0.53,0.8608,0.7448,0.4816,0.5849,785,269,845,6101,4494.0
0.54,0.8606,0.7502,0.4736,0.5807,772,257,858,6113,4547.0
0.55,0.8602,0.755,0.465,0.5756,758,246,872,6124,4606.0
0.56,0.8612,0.7648,0.4607,0.575,751,231,879,6139,4626.0
0.57,0.8618,0.7735,0.4546,0.5726,741,217,889,6153,4662.0
0.58,0.8624,0.7847,0.4472,0.5698,729,200,901,6170,4705.0
0.59,0.8619,0.7913,0.4374,0.5634,713,188,917,6182,4773.0
0.6,0.8624,0.7989,0.4337,0.5622,707,178,923,6192,4793.0
0.61,0.8618,0.8047,0.4245,0.5558,692,168,938,6202,4858.0
0.62,0.8612,0.8081,0.4184,0.5513,682,162,948,6208,4902.0
0.63,0.8602,0.8099,0.4104,0.5448,669,157,961,6213,4962.0
0.64,0.8598,0.8175,0.4012,0.5383,654,146,976,6224,5026.0
0.65,0.8589,0.8216,0.3926,0.5313,640,139,990,6231,5089.0
0.66,0.8581,0.8261,0.3847,0.5249,627,132,1003,6238,5147.0
0.67,0.8581,0.8331,0.3798,0.5217,619,124,1011,6246,5179.0
0.68,0.8578,0.8379,0.3742,0.5174,610,118,1020,6252,5218.0
0.69,0.8581,0.8501,0.3687,0.5143,601,106,1029,6264,5251.0
0.7,0.858,0.858,0.3632,0.5103,592,98,1038,6272,5288.0
0.71,0.8575,0.8635,0.3571,0.5052,582,92,1048,6278,5332.0
0.72,0.8561,0.8668,0.3472,0.4958,566,87,1064,6283,5407.0
0.73,0.8549,0.8681,0.3393,0.4879,553,84,1077,6286,5469.0
0.74,0.8538,0.8698,0.3319,0.4805,541,81,1089,6289,5526.0
0.75,0.8522,0.8733,0.3215,0.47,524,76,1106,6294,5606.0
0.76,0.8501,0.8735,0.3092,0.4567,504,73,1126,6297,5703.0
0.77,0.8478,0.8732,0.2957,0.4418,482,70,1148,6300,5810.0
0.78,0.8475,0.8853,0.289,0.4357,471,61,1159,6309,5856.0
0.79,0.846,0.8902,0.2785,0.4243,454,56,1176,6314,5936.0
0.8,0.8451,0.8982,0.2706,0.4158,441,50,1189,6320,5995.0
0.81,0.8431,0.9015,0.2583,0.4015,421,46,1209,6324,6091.0
0.82,0.8421,0.9124,0.2491,0.3913,406,39,1224,6331,6159.0
0.83,0.8409,0.918,0.2405,0.3811,392,35,1238,6335,6225.0
0.84,0.8389,0.9231,0.2282,0.366,372,31,1258,6339,6321.0
0.85,0.8361,0.9231,0.2135,0.3468,348,29,1282,6341,6439.0
0.86,0.8344,0.9224,0.2043,0.3345,333,28,1297,6342,6513.0
0.87,0.832,0.936,0.1883,0.3136,307,21,1323,6349,6636.0
0.88,0.8304,0.9389,0.1791,0.3009,292,19,1338,6351,6709.0
0.89,0.8275,0.9464,0.1626,0.2775,265,15,1365,6355,6840.0
0.9,0.8241,0.9551,0.1436,0.2496,234,11,1396,6359,6991.0
0.91,0.8205,0.9619,0.1239,0.2196,202,8,1428,6362,7148.0
0.92,0.8171,0.9718,0.1055,0.1904,172,5,1458,6365,7295.0
0.93,0.8128,0.9714,0.0834,0.1537,136,4,1494,6366,7474.0
0.94,0.808,0.97,0.0595,0.1121,97,3,1533,6367,7668.0
0.95,0.8048,0.9857,0.0423,0.0812,69,1,1561,6369,7806.0
0.96,0.8024,1.0,0.0301,0.0584,49,0,1581,6370,7905.0
0.97,0.8005,1.0,0.0209,0.0409,34,0,1596,6370,7980.0
0.98,0.7985,1.0,0.011,0.0218,18,0,1612,6370,8060.0
0.99,0.7965,1.0,0.0012,0.0025,2,0,1628,6370,8140.0
